EPOXY PISOS (PRECIOS POR KG),,,,,EPO DEEP (PRECIOS POR KG),,,,,COMPLEMENTOS,,,,,EPOXY TINTA (PRECIOS POR PZA),,,
PRESENTACION,,PRECIO CON IVA,PUBLICO SUGERIDO,,PRESENTACION,,PRECIO CON IVA,PUBLICO SUGERIDO,,PRODUCTO,,PRECIO CON IVA,PUBLICO SUGERIDO,,PRODUCTO,,PRECIO CON IVA,PUBLICO SUGERIDO
"0 - 5,999",KG, $361.42 , $480.00 ,,"0 - 4,299",KG, $461.88 , $560.00 ,,RODILLO DE PICOS,PZA, $474.06 , $495.00 ,,20,ML, $19.55 , $25.00 
"6 - 9,999",KG, $346.02 , $460.00 ,,"4,3 - 7,099",KG, $437.44 , $540.00 ,,JALADOR EPÓXICO PREMIUM,PZA, $406.09 , $425.00 ,,60,ML, $53.77 , $65.00 
"10 - 14,999",KG, $332.95 , $440.00 ,,"7,1 - 16,999",KG, $424.71 , $520.00 ,,JALADOR EPÓXICO ECO,PZA, $71.26 , $75.00 ,,100,ML, $91.91 , $110.00 
"15 - 19,999",KG, $316.80 , $420.00 ,,+ 17,KG, $389.43 , $500.00 ,,JALADOR DENTADO,PZA, $370.51 , $390.00 ,,250,ML, $161.33 , $190.00 
+ 20,KG, $301.45 , $400.00 ,,,,,,,CUÑA PARA VINIL,PZA, $62.71 , $65.00 ,,500,ML, $248.12 , $320.00 
,,,,,EPO DEEP ULTRA (PRECIOS POR KG),,,,,RODILLO 9'',PZA, $193.32 , $200.00 ,,1,LT, $427.79 , $550.00 
EPOXY PRIMER (PRECIOS POR KG),,,,,PRESENTACION,,PRECIO CON IVA,PUBLICO SUGERIDO,,RODILLO 4'',PZA, $77.92 , $80.00 ,,,,,
PRESENTACION,,PRECIO CON IVA,PUBLICO SUGERIDO,,"0 - 6,699",KG, $392.24 , $480.00 ,,FELPA 9'',PZA, $133.02 , $140.00 ,,EPOXY PASTA (PRECIOS POR GR),,,
"0 - 9,999",KG, $397.99 , $400.00 ,,"6,7 - 13,299",KG, $373.55 , $460.00 ,,FELPA 4'',PZA, $38.01 , $40.00 ,,PRODUCTO,,PRECIO CON IVA,PUBLICO SUGERIDO
"10 - 19,999",KG, $292.70 , $380.00 ,,"13,3 - 23,999",KG, $355.77 , $440.00 ,,EPOXY SPIKES,PZA, $660.26 , $695.00 ,,60,GR, N/A , $75.00 
+ 20,KG, $276.35 , $370.00 ,,+ 24,KG, $325.58 , $420.00 ,,EPOXY SPIKES PREMIUM,PZA," $2,373.11 "," $2,498.00 ",,100,GR, N/A , $112.00 
,,,,,,,,,,KIT BORLAS PULIMENTO,PZA, $418.00 , $440.00 ,,250,GR, N/A , $270.00 
CASCARA DE NARANJA (PRECIOS POR KG),,,,,EPO FAST (PRECIOS POR KG),,,,,EPOXY BUBBLES,PZA, $74.81 , $90.00 ,,500,GR, N/A , $520.00 
PRESENTACION,,PRECIO CON IVA,PUBLICO SUGERIDO,,PRESENTACION,,PRECIO CON IVA,PUBLICO SUGERIDO,,LIJADORA DE PISO,PZA," $3,452.64 "," $3,999.00 ",,1,KG, N/A , $840.00 
"0 - 3,999",KG, $444.45 , $580.00 ,,"0 - 5,999",KG, $392.24 , $480.00 ,,EPOXY VEINS,PZA, $421.06 , $500.00 ,,,,,
"4 - 7,999",KG, $433.74 , $560.00 ,,"6 - 9,999",KG, $373.55 , $460.00 ,,,,,,,EPOXY METAL (PRECIOS POR GR),,,
"8 - 19,999",KG, $423.54 , $540.00 ,,"10 - 18,999",KG, $355.77 , $440.00 ,,HOJUELA 1 COLOR (PRECIOS POR KG),,,,,PRODUCTO,,PRECIO CON IVA,PUBLICO SUGERIDO
+ 20,KG, $413.80 , $520.00 ,,+ 19,KG, $325.58 , $420.00 ,,PRESENTACION,,PRECIO CON IVA,PUBLICO SUGERIDO,,10,GR, N/A , $106.00 
,,,,,,,,,,"0 - 59,999",KG, $182.70 , $205.00 ,,30,GR, N/A , $312.00 
ESTUCO VENECIANO (PRECIOS POR PZA),,,,,POLIURETANO (PRECIOS POR LT),,,,,+ 60,KG, $182.70 , $200.00 ,,50,GR, N/A , $466.00 
PRESENTACION,,PRECIO CON IVA,PUBLICO SUGERIDO,,PRESENTACION,,PRECIO CON IVA,PUBLICO SUGERIDO,,,,,,,100,GR, N/A , $844.00 
1,LT, $400.00 , $480.00 ,,"0 - 4,999",LT, N/A , N/A ,,HOJUELA COMBINADO (PRECIOS POR KG),,,,,200,GR, N/A ," $1,504.00 "
4,LT, $380.00 , $460.00 ,,"5 - 9,999",LT, N/A , N/A ,,PRESENTACION,,PRECIO CON IVA,PUBLICO SUGERIDO,,,,,
19,LT, $361.00 , $440.00 ,,"10 - 19,999",LT, N/A , N/A ,,"0 - 59,999",KG, $214.50 , $235.00 ,,,,,
,,,,,+ 20,LT, N/A , N/A ,,+ 60,KG, $214.50 , $230.00 ,,,,,
GRANO WALL (PRECIOS POR LT),,,,,,,,,,,,,,,,,,
PRESENTACION,,PRECIO CON IVA,PUBLICO SUGERIDO,,EPOXY CUARZO (PRECIOS POR KG),,,,,,,,,,,,,
4,LT, $231.58 , $275.00 ,,PRESENTACION,,PRECIO CON IVA,PUBLICO SUGERIDO,,,,,,,,,,
19,LT, $182.83 , $225.00 ,,"0 - 59,999",KG, $29.34 , $35.00 ,,,,,,,,,,
,,,,,+ 60,KG, $29.34 , $30.00 ,,,,,,,,,,
